,ds,yhat,yhat_lower,yhat_upper,y,y_hill,y_hill_b1,yhat_b1,yhat_b1_lower,yhat_b1_upper,current_date,fastest_growth_day,growth_stabilized,current_day,cap
0,2020-01-22,-0.013358631745288826,-0.7503993053849555,0.7486255503438333,0.0,2.652780367319339e-82,2.295270202961673e-82,-0.019459161418696663,-0.7781870105750477,0.80500870921885,2020-05-14,68.37634261947935,True,114,3.1348087159537923
1,2020-01-23,0.02193739483486742,-0.7105031922640853,0.7012522832506595,0.0,8.161392343693253e-69,7.232515077044378e-69,0.018287443612517544,-0.7503057299925476,0.7794955285844073,2020-05-14,68.37634261947935,True,114,3.1348087159537923
2,2020-01-24,-0.002970731913248356,-0.7127569369223163,0.730054112247027,0.0,6.335418319851096e-61,5.693504257327123e-61,-0.00620496651703787,-0.7929079643907807,0.7672867049802476,2020-05-14,68.37634261947935,True,114,3.1348087159537923
3,2020-01-25,0.09657814488772631,-0.648971623608541,0.8534018036292543,0.0,2.5108872867226177e-55,2.279002893523283e-55,0.09393251622216042,-0.6229935990789933,0.8322701640287504,2020-05-14,68.37634261947935,True,114,3.1348087159537923
4,2020-01-26,0.07313492009166148,-0.6909972456407725,0.811681468830728,0.0,5.520947669255523e-51,5.049832219361959e-51,0.07079619665118952,-0.7227147788151026,0.8315521602249061,2020-05-14,68.37634261947935,True,114,3.1348087159537923
5,2020-01-27,0.04979306240228406,-0.7085428905441435,0.7893261322368404,0.0,1.9491185627996773e-47,1.7940526274074752e-47,0.04558193631394071,-0.6762947524317331,0.7791725068021921,2020-05-14,68.37634261947935,True,114,3.1348087159537923
6,2020-01-28,0.02657522464590324,-0.7309009802436891,0.7423793763709905,0.0,1.9475169165493674e-44,1.8021435758122634e-44,0.020431891901947153,-0.7946819007586323,0.8350182276048073,2020-05-14,68.37634261947935,True,114,3.1348087159537923
7,2020-01-29,0.004197997740203754,-0.7465510660561102,0.7514205166472205,0.0,7.724852207965643e-42,7.181255943969638e-42,-0.003430635733627098,-0.7080593607231127,0.7631262737575853,2020-05-14,68.37634261947935,True,114,3.1348087159537923
8,2020-01-30,0.04070213884586699,-0.7258963636089066,0.7637560631108168,0.0,1.513036125492147e-39,1.412295192364477e-39,0.035452423652544814,-0.7309939780526628,0.8001210679068795,2020-05-14,68.37634261947935,True,114,3.1348087159537923
9,2020-01-31,0.017082877007034605,-0.7087897714846485,0.7346984072048565,0.0,1.6985431810672407e-37,1.5912282404029327e-37,0.012175007549699454,-0.7097885856729511,0.8025251646473719,2020-05-14,68.37634261947935,True,114,3.1348087159537923
10,2020-02-01,0.11800642407672896,-0.6281341571084624,0.8794866627502091,0.0,1.2154379096750058e-35,1.1423986422139501e-35,0.11361115028919422,-0.6411537796451369,0.9153767589505102,2020-05-14,68.37634261947935,True,114,3.1348087159537923
11,2020-02-02,0.09602899688410901,-0.6917994423835977,0.8498923173686156,0.0,5.9965466841336706e-34,5.653152583078392e-34,0.09186257276278409,-0.655186278557936,0.8287875981323278,2020-05-14,68.37634261947935,True,114,3.1348087159537923
12,2020-02-03,0.0742496598594273,-0.7277912269707167,0.7666264206106916,0.0,2.165036379423833e-32,2.046702836830541e-32,0.06813085193235387,-0.7078315851146184,0.7841766197737288,2020-05-14,68.37634261947935,True,114,3.1348087159537923
13,2020-02-04,0.05269694098055833,-0.6911559176760103,0.7686577997102919,0.0,5.991619150891335e-31,5.678647579811113e-31,0.04456416794253537,-0.740532566135526,0.8261893145458892,2020-05-14,68.37634261947935,True,114,3.1348087159537923
14,2020-02-05,0.03209359010886342,-0.7322629108347076,0.7454420160283793,0.0,1.3185227634237118e-29,1.2526299170627578e-29,0.022392160772676077,-0.7541088105448567,0.7739569080984349,2020-05-14,68.37634261947935,True,114,3.1348087159537923
15,2020-02-06,0.07048680989019983,-0.664318139710963,0.8417482946985918,0.0,2.376583845497955e-28,2.262850875677152e-28,0.06307956176126545,-0.7266301386919863,0.858757322072961,2020-05-14,68.37634261947935,True,114,3.1348087159537923
16,2020-02-07,0.04887856222110849,-0.642517592341825,0.784395545929412,0.0,3.594656948170287e-27,3.42980324947496e-27,0.04172729594017088,-0.7532031993038457,0.8407498963365424,2020-05-14,68.37634261947935,True,114,3.1348087159537923
17,2020-02-08,0.15194207769625012,-0.6239340951246506,0.9272573797689702,0.0,4.654920400666708e-26,4.4502151680587717e-26,0.1452167142166548,-0.6315302477450637,0.8869910241774315,2020-05-14,68.37634261947935,True,114,3.1348087159537923
18,2020-02-09,0.13224087359926773,-0.5347873234410736,0.9393737751622623,0.0,5.248256495557237e-25,5.026832902469596e-25,0.12565718308279183,-0.6394733724378165,0.8805154725834352,2020-05-14,68.37634261947935,True,114,3.1348087159537923
19,2020-02-10,0.11288158919627604,-0.6394920388353034,0.8575479063506053,0.0,5.225640797169625e-24,5.014042453425768e-24,0.10425825120649201,-0.6360057373461895,0.8341005417413695,2020-05-14,68.37634261947935,True,114,3.1348087159537923
20,2020-02-11,0.09390059069001533,-0.649414190903023,0.8069813373098049,0.0,4.651095319962274e-23,4.470285070560463e-23,0.08317639012205987,-0.6513139716009977,0.9527631616212711,2020-05-14,68.37634261947935,True,114,3.1348087159537923
21,2020-02-12,0.07602871437185858,-0.6781631211797409,0.8279579689229619,0.0,3.739346751981599e-22,3.5997571846426267e-22,0.06364984041421207,-0.6537940026066811,0.8380700727029697,2020-05-14,68.37634261947935,True,114,3.1348087159537923
22,2020-02-13,0.11732147752981516,-0.6522934465725756,0.8959732059064964,0.0,2.740247361680852e-21,2.6420054849040243e-21,0.1071522280933917,-0.6672254745207233,0.8775722370735054,2020-05-14,68.37634261947935,True,114,3.1348087159537923
23,2020-02-14,0.0987893594851551,-0.6373241541078075,0.8019200348759218,0.0,1.8448632536413953e-20,1.781337606229953e-20,0.08879364624781,-0.6195632926995256,0.8201328983371031,2020-05-14,68.37634261947935,True,114,3.1348087159537923
24,2020-02-15,0.2051142794618993,-0.5129030655752413,0.9327879647766654,0.0,1.1490157097875089e-19,1.1110154007489617e-19,0.19546486053153828,-0.5811788976350568,0.9407850589423173,2020-05-14,68.37634261947935,True,114,3.1348087159537923
25,2020-02-16,0.18886857612819,-0.5233399434138827,0.902811788720262,0.0,6.660827088637742e-19,6.449266455211143e-19,0.17928486510828387,-0.5726774207459463,0.903606811196629,2020-05-14,68.37634261947935,True,114,3.1348087159537923
26,2020-02-17,0.1731677967795565,-0.5432046660640935,0.9381878607451308,0.0,3.6134603927749706e-18,3.503251460309246e-18,0.16147300738967835,-0.6104461273725335,0.9530662171296255,2020-05-14,68.37634261947935,True,114,3.1348087159537923
27,2020-02-18,0.15805724775526353,-0.6463246100488338,0.907596667494046,0.0,1.843347276948687e-17,1.7893712115118354e-17,0.14419567833186236,-0.6674324506730391,0.8713517155298433,2020-05-14,68.37634261947935,True,114,3.1348087159537923
28,2020-02-19,0.14427667371887876,-0.5765555205358731,0.8443953259868369,0.0,8.880855889665213e-17,8.631260849064942e-17,0.12870109819927902,-0.676434258134931,0.9137599002945613,2020-05-14,68.37634261947935,True,114,3.1348087159537923
29,2020-02-20,0.18989039460990306,-0.5165234886260694,0.9304734405678988,0.0,4.0564917167513686e-16,3.9471016307462283e-16,0.17647286165965595,-0.611468726351963,0.8800651942175153,2020-05-14,68.37634261947935,True,114,3.1348087159537923
30,2020-02-21,0.17591750177749257,-0.5590944453053109,0.9111935837076689,0.0,1.7628406352013883e-15,1.7172455357707606e-15,0.16263093652862132,-0.5884597133591435,0.8888092754248228,2020-05-14,68.37634261947935,True,114,3.1348087159537923
31,2020-02-22,0.2870482392226363,-0.48796585431819905,1.0566077739936608,0.0,7.311661922615975e-15,7.130360100662765e-15,0.2740757730954374,-0.4959738547253245,1.0122037077093575,2020-05-14,68.37634261947935,True,114,3.1348087159537923
32,2020-02-23,0.2758628740750192,-0.4643126099356835,1.0636276964725795,0.0,2.902730921285321e-14,2.833762894066725e-14,0.2629357502453529,-0.5136400419486711,0.9694788700974738,2020-05-14,68.37634261947935,True,114,3.1348087159537923
33,2020-02-24,0.26548436363675676,-0.46812601209723886,1.0222049591282367,0.0,1.1059115958644325e-13,1.0807487362975531e-13,0.250439175564177,-0.5325049090613129,0.9834154910043655,2020-05-14,68.37634261947935,True,114,3.1348087159537923
34,2020-02-25,0.2559647700971143,-0.5075126170210752,1.0018749232863102,0.0,4.053158381944232e-13,3.9649025553980497e-13,0.23876083534126447,-0.4769999220783722,1.0004224038357965,2020-05-14,68.37634261947935,True,114,3.1348087159537923
35,2020-02-26,0.2480497902446641,-0.46964020688184344,1.0191076044492204,0.0,1.432106185137164e-12,1.4022858074631237e-12,0.22915662382387603,-0.5229833746448935,1.0093500943067293,2020-05-14,68.37634261947935,True,114,3.1348087159537923
36,2020-02-27,0.2998087288920071,-0.46941523416560965,1.0102486301241145,0.0,4.888057267104756e-12,4.790804012969903e-12,0.2831169151335207,-0.45743928444088694,1.034173203193367,2020-05-14,68.37634261947935,True,114,3.1348087159537923
37,2020-02-28,0.2922645177278688,-0.4372148158294976,1.0778737818289508,0.0,1.614648574304383e-11,1.5839810367332538e-11,0.27576737198586343,-0.5512787345339311,1.0235013368699295,2020-05-14,68.37634261947935,True,114,3.1348087159537923
38,2020-02-29,0.41010990609308806,-0.3033692054107127,1.1859154664994334,0.0,5.170579257177475e-11,5.076923535949884e-11,0.39401284838035505,-0.38736460138804607,1.1611644587658425,2020-05-14,68.37634261947935,True,114,3.1348087159537923
39,2020-03-01,0.4059261287345614,-0.343982657697951,1.14778065255757,0.0,1.6076907578186913e-10,1.579950700036788e-10,0.3899846131010962,-0.40349593654024,1.1877129999323315,2020-05-14,68.37634261947935,True,114,3.1348087159537923
40,2020-03-02,0.4028353593449246,-0.30848221940239967,1.1678167340877084,0.0,4.860713822387356e-10,4.780918021308434e-10,0.3849121123608889,-0.39722942788671844,1.1271509120559255,2020-05-14,68.37634261947935,True,114,3.1348087159537923
41,2020-03-03,0.40088690301343327,-0.3337648335190618,1.1546683211087574,0.0,1.4309293820033951e-09,1.4086099368425181e-09,0.38096926926673186,-0.3333494189316894,1.149614525401322,2020-05-14,68.37634261947935,True,114,3.1348087159537923
42,2020-03-04,0.4008214972977181,-0.2947325645231598,1.1462000948210675,0.0,4.106784850910569e-09,4.0460132217717465e-09,0.37940885189192297,-0.3898421362713012,1.1325242995664302,2020-05-14,68.37634261947935,True,114,3.1348087159537923
43,2020-03-05,0.46070105430975,-0.2719845665075043,1.2024449680747122,0.0,1.1504260288853027e-08,1.134302095648442e-08,0.4417155766038135,-0.33542216681320736,1.2031781864916047,2020-05-14,68.37634261947935,True,114,3.1348087159537923
44,2020-03-06,0.461538449225791,-0.2908101905177625,1.2130485545145782,0.0,3.148920010721273e-08,3.1071956941861675e-08,0.44300664481223356,-0.33062967156178014,1.190008111805228,2020-05-14,68.37634261947935,True,114,3.1348087159537923
45,2020-03-07,0.5880134860761456,-0.14119139579541984,1.294959409621106,0.0,8.430488058259239e-08,8.32509564547753e-08,0.5701753753097987,-0.13207893919988087,1.3185480477614284,2020-05-14,68.37634261947935,True,114,3.1348087159537923
46,2020-03-08,0.5926913523805891,-0.10999048491880786,1.2927867097831396,0.0,2.2097615846569125e-07,2.1837573658216889e-07,0.5753381648469696,-0.19443367906980524,1.353365695767863,2020-05-14,68.37634261947935,True,114,3.1348087159537923
47,2020-03-09,0.5986748765733249,-0.19575526205174557,1.3506481382754,0.0,5.675799687485202e-07,5.613085841628061e-07,0.5797060025616995,-0.1843737415987158,1.3691562527135475,2020-05-14,68.37634261947935,True,114,3.1348087159537923
48,2020-03-10,0.6059905487511268,-0.17574427433811726,1.3800620014251612,0.0,1.4297528646511036e-06,1.4149619198478931e-06,0.5854305428737959,-0.19475526723725117,1.3609164053434408,2020-05-14,68.37634261947935,True,114,3.1348087159537923
49,2020-03-11,0.6153526816887821,-0.12770229973747171,1.3664541356126416,0.0,3.5349918383161308e-06,3.500862874656451e-06,0.5937382779797739,-0.17447500764762128,1.342581714368132,2020-05-14,68.37634261947935,True,114,3.1348087159537923
50,2020-03-12,0.6847930526065711,0.0021515848574389465,1.4343681480486459,0.0,8.584800490751978e-06,8.507732068887894e-06,0.6660834858935438,-0.05446179368532739,1.3967107358865367,2020-05-14,68.37634261947935,True,114,3.1348087159537923
51,2020-03-13,0.6952906389013762,-0.05080887907134163,1.4760980274548143,0.0,2.049217940943397e-05,2.0321834095725435e-05,0.6775486613187234,-0.08505288645437514,1.4494408226456077,2020-05-14,68.37634261947935,True,114,3.1348087159537923
52,2020-03-14,0.8314875874542378,0.12398604719030105,1.5577264039640677,0.0,4.811118426023453e-05,4.774263913354964e-05,0.8149881023462413,0.09695766072368928,1.5555993206779002,2020-05-14,68.37634261947935,True,114,3.1348087159537923
53,2020-03-15,0.8459077358625494,0.1079152336102177,1.613351730206327,0.0,0.00011116552894631181,0.00011038519475713773,0.8304782772012902,0.08120595086784092,1.6146122462333155,2020-05-14,68.37634261947935,True,114,3.1348087159537923
54,2020-03-16,0.861609007767315,0.09497706605866522,1.5790346983961383,0.0,0.00025293471030156357,0.0002513184378125146,0.8451795296826016,0.09374898738207779,1.5591666358750902,2020-05-14,68.37634261947935,True,114,3.1348087159537923
55,2020-03-17,0.8785696487378485,0.13789280549018168,1.61579951061498,0.0,0.000567006305271091,0.0005637339543988399,0.8611920142188482,0.15724370448654112,1.6567997361460618,2020-05-14,68.37634261947935,True,114,3.1348087159537923
56,2020-03-18,0.8974526835329208,0.08477217094393792,1.5682355607951544,0.0,0.0012528737901674309,0.001246405747221728,0.8796870123692708,0.12241519672789707,1.6055770810969119,2020-05-14,68.37634261947935,True,114,3.1348087159537923
57,2020-03-19,0.9762359403132045,0.13922306525201797,1.7190882761084754,0.0,0.002729742852257187,0.002717286500091282,0.9620602666854093,0.1878421934290368,1.735905641925821,2020-05-14,68.37634261947935,True,114,3.1348087159537923
58,2020-03-20,0.9958422538056788,0.20598568173343787,1.721301432219378,0.0,0.0058655625275615495,0.005842263297249631,0.983332902660184,0.24668048828983338,1.6833546151353445,2020-05-14,68.37634261947935,True,114,3.1348087159537923
59,2020-03-21,1.140855986332789,0.3626900007304604,1.8880461585093578,0.0,0.012428178295419865,0.012386067117757978,1.1302956080955373,0.3630768863038422,1.9043127734651712,2020-05-14,68.37634261947935,True,114,3.1348087159537923
60,2020-03-22,1.1637421803569383,0.43587273830683393,1.9491290358863966,0.0,0.025946617404249233,0.025873701207484102,1.1549563096237254,0.4023619362703389,1.9062824768952535,2020-05-14,68.37634261947935,True,114,3.1348087159537923
61,2020-03-23,1.1874996570686907,0.4284356177913362,1.8589091842831684,0.0,0.05326982999864497,0.05315067780046431,1.1784125750977263,0.391944975956525,1.892983988230582,2020-05-14,68.37634261947935,True,114,3.1348087159537923
62,2020-03-24,1.2120480166415668,0.47488952679299035,1.9493426231406763,0.0,0.10710562087372325,0.10692686748272354,1.2026987428246325,0.4241070128370734,1.9078207273389893,2020-05-14,68.37634261947935,True,114,3.1348087159537923
63,2020-03-25,1.237992908602498,0.5064118183773755,2.0185736567793318,0.0,0.20923026367998795,0.20899718618931065,1.2289213111983521,0.4988934237313896,1.9243793903311306,2020-05-14,68.37634261947935,True,114,3.1348087159537923
64,2020-03-26,1.3232568986965232,0.5853023708679338,2.028590765945364,0.0,0.39165723186246026,0.39142502079918845,1.3184132506272401,0.5669697029362264,2.12601389227269,2020-05-14,68.37634261947935,True,114,3.1348087159537923
65,2020-03-27,1.3487105279727927,0.5986966884815491,2.128939004882125,0.0,0.6879028181385552,0.6878005694045438,1.3461359264777688,0.5940993253754674,2.0959716265387507,2020-05-14,68.37634261947935,True,114,3.1348087159537923
66,2020-03-28,1.4988899485366047,0.767924704886077,2.251679398690902,2.0,1.10527930644745,1.1054556086265526,1.498824279930653,0.7358711862432658,2.189456748498148,2020-05-14,68.37634261947935,True,114,3.1348087159537923
67,2020-03-29,1.52621609186772,0.8227205479087685,2.2844966891744045,2.0,1.5927839186755521,1.5932485910056644,1.5284354797117126,0.7760574765880601,2.2912977515912325,2020-05-14,68.37634261947935,True,114,3.1348087159537923
68,2020-03-30,1.5536493270811098,0.7736981565348484,2.252177191073759,2.0,2.0545501538893833,2.055103849914535,1.556022243447621,0.7638550509182426,2.3167707458014912,2020-05-14,68.37634261947935,True,114,3.1348087159537923
69,2020-03-31,1.5810768859927573,0.8229650713921888,2.3158988026312928,2.0,2.4147921672494017,2.415188908436236,1.5835808047893047,0.7848414428973222,2.344222528047111,2020-05-14,68.37634261947935,True,114,3.1348087159537923
70,2020-04-01,1.6090787264354423,0.8873085352360739,2.3819072465008575,2.0,2.6567909030722103,2.6569082891520592,1.6121870329463,0.7878539286865971,2.362307811058632,2020-05-14,68.37634261947935,True,114,3.1348087159537923
71,2020-04-02,1.6955588779773094,0.9282340278746445,2.4487494492344353,3.0,2.804131369720165,2.803974633746365,1.703151341639762,0.9285110842920249,2.470512965577236,2020-05-14,68.37634261947935,True,114,3.1348087159537923
72,2020-04-03,1.7213768512772776,0.9524795722621803,2.448173477950807,3.0,2.8888905267828875,2.8885209289157956,1.7314210600876885,0.9607971271538793,2.4451521553951583,2020-05-14,68.37634261947935,True,114,3.1348087159537923
73,2020-04-04,1.8710652163721488,1.1809961874299295,2.642472367535273,3.0,2.936256512039256,2.93573992005115,1.883725894799485,1.1088912995111977,2.59152393027184,2020-05-14,68.37634261947935,True,114,3.1348087159537923
74,2020-04-05,1.8970496350445445,1.1217657720726897,2.6273914796525433,3.0,2.9623994323584757,2.961787487683872,1.9120266854289443,1.101291903746444,2.6605107676703112,2020-05-14,68.37634261947935,True,114,3.1348087159537923
75,2020-04-06,1.9223026372919987,1.1755027064386772,2.6521705013658825,3.0,2.9767832566951844,2.9761115322555205,1.937388653434803,1.1813935747070583,2.7072737010962884,2020-05-14,68.37634261947935,True,114,3.1348087159537923
76,2020-04-07,1.9467310783762013,1.2124751769634554,2.7585629915691796,3.0,2.984711875780531,2.984003365855163,1.961829118263092,1.2575328541453326,2.7163164630351604,2020-05-14,68.37634261947935,True,114,3.1348087159537923
77,2020-04-08,1.9709416318694375,1.2222631150512808,2.724638406052271,3.0,2.9891018477856814,2.988370926519854,1.986453197874768,1.2465878455843118,2.726782903853756,2020-05-14,68.37634261947935,True,114,3.1348087159537923
78,2020-04-09,2.05287163844895,1.352858673185093,2.8101253818845278,3.0,2.9915466549931824,2.9908021470526713,2.072608145780994,1.3208578873121872,2.8054319525343194,2020-05-14,68.37634261947935,True,114,3.1348087159537923
79,2020-04-10,2.0734199071631534,1.3913912259856787,2.836353573781825,3.0,2.9929169771966655,2.992164248263309,2.0952850130976177,1.3268147085461741,2.8581822292563754,2020-05-14,68.37634261947935,True,114,3.1348087159537923
80,2020-04-11,2.217163592941862,1.5025335264536428,2.987179947003386,3.0,2.9936902121857187,2.9929325091126366,2.241263289901109,1.5586115168105827,2.9564764917164497,2020-05-14,68.37634261947935,True,114,3.1348087159537923
81,2020-04-12,2.236577456075622,1.4761310921771784,2.9750645266742755,3.0,2.9941294914770267,2.993368775244456,2.262558754686037,1.5242639819171337,3.023947996183467,2020-05-14,68.37634261947935,True,114,3.1348087159537923
82,2020-04-13,2.2546868165425957,1.52882340491828,2.979612560257463,3.0,2.9943807348791713,2.9936181897468503,2.2802957553335985,1.4916475063476353,3.0322509480275075,2020-05-14,68.37634261947935,True,114,3.1348087159537923
83,2020-04-14,2.2714541612466927,1.522365093697074,2.9981850748412358,3.0,2.9945253900240196,2.9937617319685885,2.2965539268778246,1.5514966844056508,3.0807151014793424,2020-05-14,68.37634261947935,True,114,3.1348087159537923
84,2020-04-15,2.287543781916871,1.5573525791585623,3.035397333826616,3.0,2.9946092214807223,2.9938448841895,2.3125028882930203,1.578845342560749,3.0769515258386506,2020-05-14,68.37634261947935,True,114,3.1348087159537923
85,2020-04-16,2.360951783897697,1.6327807556875764,3.146134676535146,3.0,2.994658115651178,2.9938933624678623,2.389555596667129,1.69111912451428,3.173454732854151,2020-05-14,68.37634261947935,True,114,3.1348087159537923
86,2020-04-17,2.372636081217873,1.6452696985694746,3.1133533870755263,3.0,2.9946868118899967,2.993921803179969,2.402769068646709,1.6560836885856773,3.160457122558677,2020-05-14,68.37634261947935,True,114,3.1348087159537923
87,2020-04-18,2.5072325176114045,1.7656491502518878,3.3418631347648415,3.0,2.9947037572695847,2.993938590996669,2.5389881441828916,1.7903073055173464,3.266695335800111,2020-05-14,68.37634261947935,True,114,3.1348087159537923
88,2020-04-19,2.5172734332426936,1.7997446009039795,3.277886136437823,3.0,2.994713823743395,2.993948559953149,2.5502925367372558,1.775120861484019,3.315402616088887,2020-05-14,68.37634261947935,True,114,3.1348087159537923
89,2020-04-20,2.5258399986900324,1.8182368569451235,3.221537146680019,3.0,2.994719838883165,2.993954514509427,2.5578684049373956,1.807806989649736,3.283223850220927,2020-05-14,68.37634261947935,True,114,3.1348087159537923
90,2020-04-21,2.5329482828821,1.7810014375801948,3.270101913315529,3.0,2.9947234538174228,2.9939580916608053,2.5638544594499804,1.795505650418181,3.3490727189779252,2020-05-14,68.37634261947935,True,114,3.1348087159537923
91,2020-04-22,2.539313436009465,1.7965381931621507,3.294277114853882,3.0,2.99472563849346,2.993960252682049,2.569476151373664,1.8324491154532674,3.2941038926888395,2020-05-14,68.37634261947935,True,114,3.1348087159537923
92,2020-04-23,2.602979329371996,1.850632000597013,3.3710667342139997,3.0,2.994726966049664,2.993961565370857,2.636198621016181,1.9192089799446737,3.4091318488077995,2020-05-14,68.37634261947935,True,114,3.1348087159537923
93,2020-04-24,2.604948265828576,1.8624941578249565,3.339543869371991,3.0,2.9947277770983143,2.9939623670385935,2.639127115409405,1.8217233973231828,3.3258716169437625,2020-05-14,68.37634261947935,True,114,3.1348087159537923
94,2020-04-25,2.7298968978281417,1.9712361083122973,3.467399546045853,3.0,2.994728275201693,2.9939628591997587,2.7651505441294635,2.0381525577871957,3.447217504836048,2020-05-14,68.37634261947935,True,114,3.1348087159537923
95,2020-04-26,2.730394667053285,1.976117246280912,3.4857525472943354,3.0,2.9947285826857994,2.9939631629051946,2.766388410807724,2.0005785696495857,3.5469879118144476,2020-05-14,68.37634261947935,True,114,3.1348087159537923
96,2020-04-27,2.7295560816929383,1.9995835917047182,3.464988124199487,3.0,2.994728773455744,2.9939633512629626,2.7640623474919512,2.060537174334077,3.470264264953456,2020-05-14,68.37634261947935,True,114,3.1348087159537923
97,2020-04-28,2.7274267899004854,1.9734541182753271,3.470196813116967,3.0,2.994728892398025,2.9939634686594614,2.760342255636384,1.9925962176399399,3.5022714475066987,2020-05-14,68.37634261947935,True,114,3.1348087159537923
98,2020-04-29,2.7247478229723066,1.9532217299670867,3.5159700016992135,3.0,2.9947289669154595,2.993963542182536,2.756480590411065,1.9853967455937545,3.536733716984039,2020-05-14,68.37634261947935,True,114,3.1348087159537923
99,2020-04-30,2.779585341984947,2.0128762519654724,3.4594973793973316,3.0,2.994729013821901,2.9939635884469094,2.813965457046807,2.0811988133828048,3.5571656457002554,2020-05-14,68.37634261947935,True,114,3.1348087159537923
100,2020-05-01,2.772960493444385,2.0527206019187614,3.5443445117847054,3.0,2.994729043485164,2.9939636176940265,2.8079212176908745,2.0415843474703492,3.5327269096805995,2020-05-14,68.37634261947935,True,114,3.1348087159537923
101,2020-05-02,2.8895655031196896,2.1455671146477564,3.6097210336188437,3.0,2.9947290623293465,2.99396363626749,2.9252522689190417,2.189264368666212,3.7087082990964495,2020-05-14,68.37634261947935,True,114,3.1348087159537923
102,2020-05-03,2.8819823147148718,2.1899219814594013,3.6417982313955313,3.0,2.9947290743539003,2.993963648115283,2.9180902185414896,2.1419780318498614,3.6451187893619044,2020-05-14,68.37634261947935,True,114,3.1348087159537923
103,2020-05-04,2.873335082626221,2.125837964768972,3.6362575743051395,3.0,2.994729082060385,2.9939636557059353,2.9076656809339907,2.202980773383515,3.704410451268826,2020-05-14,68.37634261947935,True,114,3.1348087159537923
104,2020-05-05,2.8636764712533083,2.1209329448466554,3.606796053334489,3.0,2.9947290870206262,2.99396366059,2.896154687651574,2.15517781184155,3.6818927201954237,2020-05-14,68.37634261947935,True,114,3.1348087159537923
105,2020-05-06,2.8537521290345462,2.134066119007944,3.583261104553424,3.0,2.994729090226696,2.993963663745794,2.8848132439299476,2.108150628009627,3.6602755686687733,2020-05-14,68.37634261947935,True,114,3.1348087159537923
106,2020-05-07,2.9016306663463096,2.169144201549967,3.6724484052348254,3.0,2.9947290923075074,2.9939636657933066,2.935130694667486,2.083662785723265,3.7188122375138217,2020-05-14,68.37634261947935,True,114,3.1348087159537923
107,2020-05-08,2.888333738940214,2.1160911802814186,3.606130187803159,3.0,2.9947290936634703,2.9939636671271406,2.9222305941344837,2.2080177153962537,3.719571935219703,2020-05-14,68.37634261947935,True,114,3.1348087159537923
108,2020-05-09,2.9985523629332493,2.227618235960417,3.731225775019623,3.0,2.9947290945505984,2.993963667999512,3.0330147362003332,2.263875851810272,3.78998017745155,2020-05-14,68.37634261947935,True,114,3.1348087159537923
109,2020-05-10,2.9848657654982484,2.1918963246892833,3.7114267437839983,3.0,2.994729095133261,2.9939636685723,3.019610571140051,2.188109996856994,3.744212944947867,2020-05-14,68.37634261947935,True,114,3.1348087159537923
110,2020-05-11,2.9703940785995187,2.207824042166563,3.7814813309255157,3.0,2.9947290955174166,2.9939636689498275,3.0032432263838946,2.246236113383836,3.7272537320496473,2020-05-14,68.37634261947935,True,114,3.1348087159537923
111,2020-05-12,2.955184826871621,2.236188577216443,3.724222231466731,3.0,2.9947290957716484,2.9939636691995952,2.986082126713499,2.210641098018702,3.740884787106489,2020-05-14,68.37634261947935,True,114,3.1348087159537923
112,2020-05-13,2.9399775769196808,2.1620464459672184,3.6669057244533256,3.0,2.994729095940518,2.9939636693654488,2.9693757437957524,2.1992519040464407,3.7059753993733753,2020-05-14,68.37634261947935,True,114,3.1348087159537923
113,2020-05-14,2.9828340766768378,2.262847682691843,3.7350815677354383,3.0,2.9947290960530952,2.993963669475981,3.0146051383658956,2.2870066223185184,3.72479807622719,2020-05-14,68.37634261947935,True,114,3.1348087159537923
114,2020-05-15,2.9647684863439903,2.1792211353764097,3.7114902937881404,,2.9947290961284123,2.993963669549907,2.9968849894075613,2.2318581976236986,3.7657157803540082,2020-05-14,68.37634261947935,True,114,3.1348087159537923
115,2020-05-16,3.070463827039892,2.344302092505398,3.8280178251574477,,2.9947290961789776,2.9939636695995246,3.1031077674998295,2.3350572514790757,3.87351552263958,2020-05-14,68.37634261947935,True,114,3.1348087159537923
116,2020-05-17,3.052490951654334,2.300962069115652,3.8577954471822897,,2.994729096213043,2.9939636696329406,3.085391279008773,2.307301925922015,3.8914244159114713,2020-05-14,68.37634261947935,True,114,3.1348087159537923
117,2020-05-18,3.033961345761193,2.3038330843189065,3.8132801021255007,,2.9947290962360693,2.9939636696555216,3.0649507992668066,2.3447551383624328,3.8997171491639366,2020-05-14,68.37634261947935,True,114,3.1348087159537923
118,2020-05-19,3.0149137103328,2.2601615527420087,3.7689253995041474,,2.994729096251686,2.9939636696708325,3.0439457911446937,2.2856119222305185,3.839198895091368,2020-05-14,68.37634261947935,True,114,3.1348087159537923
119,2020-05-20,2.9960786942681423,2.2788742246197713,3.7213226874216065,,2.9947290962623123,2.993963669681247,3.0236147398854105,2.282124459985087,3.859471907138211,2020-05-14,68.37634261947935,True,114,3.1348087159537923
120,2020-05-21,3.0355091061584774,2.2161448919013136,3.785343220294995,,2.994729096269566,2.9939636696883536,3.0654287685255053,2.347814505511179,3.804447235867334,2020-05-14,68.37634261947935,True,114,3.1348087159537923
121,2020-05-22,3.0142102076426474,2.288355749499159,3.810179215987364,,2.994729096274533,2.993963669693219,3.0444927292864317,2.3225133291862483,3.755168484003444,2020-05-14,68.37634261947935,True,114,3.1348087159537923
122,2020-05-23,3.116856215309436,2.398639854908985,3.8544087673489886,,2.9947290962779447,2.9939636696965604,3.1476894291221575,2.458940321463571,3.932684407314572,2020-05-14,68.37634261947935,True,114,3.1348087159537923
123,2020-05-24,3.0960093164652793,2.3849195409380957,3.849139455428657,,2.9947290962802953,2.993963669698862,3.127127217093181,2.4246483422527003,3.8483276881681387,2020-05-14,68.37634261947935,True,114,3.1348087159537923
124,2020-05-25,3.0747725074272036,2.2682150235320693,3.8282169402069126,,2.99472909628192,2.9939636697004515,3.1040121526606375,2.3496751454198366,3.877298078665374,2020-05-14,68.37634261947935,True,114,3.1348087159537923
125,2020-05-26,3.053176206852373,2.35934145145185,3.7929243203807146,,2.9947290962830464,2.9939636697015533,3.080494752203542,2.3380696648813784,3.861261682601532,2020-05-14,68.37634261947935,True,114,3.1348087159537923
126,2020-05-27,3.031943012848421,2.3264480994553254,3.818038189190899,,2.9947290962838284,2.993963669702319,3.057804845470805,2.2617832438030185,3.8162747211934462,2020-05-14,68.37634261947935,True,114,3.1348087159537923
127,2020-05-28,3.0691179339744528,2.327705821262776,3.834313734821088,,2.9947290962843742,2.9939636697028527,3.09740520707423,2.321272197979005,3.8620319598087254,2020-05-14,68.37634261947935,True,114,3.1348087159537923
128,2020-05-29,3.0456986971240196,2.3345452823788473,3.7045155315481484,,2.994729096284756,2.9939636697032257,3.074392659123596,2.3165482217634685,3.8623904655640455,2020-05-14,68.37634261947935,True,114,3.1348087159537923
129,2020-05-30,3.146352259838254,2.4015431750478324,3.8969246908054944,,2.994729096285024,2.9939636697034873,3.175642303846866,2.4510365755133443,3.9308131721157675,2020-05-14,68.37634261947935,True,114,3.1348087159537923
130,2020-05-31,3.1236338329048468,2.3890286239853116,3.9036931050726746,,2.9947290962852113,2.9939636697036707,3.1532551144575542,2.422428719687344,3.9421865617604843,2020-05-14,68.37634261947935,True,114,3.1348087159537923
131,2020-06-01,3.1006397224008873,2.3532989357723246,3.8195267437682956,,2.994729096285344,2.9939636697038003,3.128430103904651,2.3999280292399514,3.9079953590951355,2020-05-14,68.37634261947935,True,114,3.1348087159537923
132,2020-06-02,3.0773939441293447,2.3099881830903386,3.811199330174636,,2.9947290962854374,2.9939636697038914,3.103311069281291,2.38786911307182,3.8754694010125426,2020-05-14,68.37634261947935,True,114,3.1348087159537923
133,2020-06-03,3.0546129795978127,2.3218544421044838,3.8463287641194714,,2.994729096285504,2.993963669703956,3.079121444035043,2.2718721400460993,3.8592281282086787,2020-05-14,68.37634261947935,True,114,3.1348087159537923
